payroll_id,netid
100237,sms10019
100246,xiz10003
100517,dad10006
100549,mas10030
100597,kaw10012
100620,alb10009
100631,beg10005
100666,dlm09010
100757,ncc10003
100780,elh10005
101002,jib10001
101049,mun10002
101150,lim10005
101153,gih10001
101305,shj10001
102133,ajp10013
102831,frg10003
105582,sis10003
106294,shm11005
106565,lge10001
108224,jim10005
108227,viw10001
109150,nem10005
109208,iav10001
109392,eso11001
109507,anb11001
109535,wio10001
109875,swm09001
110057,lml06004
110277,caw11002
110439,inu10001
111137,pot10001
113913,kls07013
114810,map10006
114909,ros11004
115444,mah11017
115446,msk11007
115524,aze11001
115534,jep11004
115562,sar11012
115630,smb10012
115632,rmt11002
115634,lih11004
115779,rlt11003
115786,nil11002
115987,amb11023
116202,deg11002
116213,kgc11002
116214,jma11008
116216,chc11015
116219,saw11006
116230,rit11001
116261,mok11002
116262,huw11001
116265,knb11005
116388,sbp11003
116701,mis09015
116711,roa11002
116716,dwc11002
116787,rag11006
116882,kab08029
116912,hmd13001
116941,rhs11002
117021,nrg11005
117191,mfp11002
117392,xil11015
117393,joc11007
117700,krg11007
117734,rec11009
117737,anm11019
117746,shg11001
117927,jug11002
118099,leb98003
118624,jyw11001
119146,ams12031
119269,daw11012
119516,chr11003
119722,sam11036
119911,alp11007
122685,mic11009
123414,jmm11030
124462,jcc11008
124485,wax11001
124598,alb11022
124643,mar11032
124651,swf09001
126626,dmb09012
126806,crd02001
128648,jpd12005
129183,mac12026
129248,ama12011
129463,she12002
129643,mir12003
129822,jas12031
129827,ovm12001
130063,jnh12002
130064,omk12001
130445,fis12001
131082,ema10010
131117,amd12012
131120,joc12007
131121,daw12008
131122,lah12006
131125,eds12005
131133,mth12001
131134,mak12019
131136,vfs12001
131137,adg12007
131138,rig12004
131139,hal11007
131142,kan12003
131147,rig12003
131148,amd12020
131150,krw12004
131151,ksc12006
131153,lbc12001
131172,mcb12011
131373,stp12006
131374,dan12005
131438,yay12004
131461,cme02004
131529,ndw12002
131619,ljg12003
131893,jar12025
131902,all12010
131991,nar12003
132001,xiw12007
132064,mth18003
132108,dah11006
132132,ajw12004
132206,dms16106
132245,meg12010
132247,geb12004
132248,jiz12014
132250,zxz12001
132502,dam12021
132503,mjw12011
132683,phg12001
133429,bab11008
133762,stk12004
134036,sao12006
134088,sab12014
134502,chr11001
134935,kap11006
135522,rdd15101
136567,krm09001
136666,tac08005
137577,eld12003
138197,nos12001
138748,sen12005
138820,dap13009
139178,vim13001
139473,jrw11007
139692,jlb06018
139854,hst13001
143313,jdg12005
143890,brs12013
145866,jes13015
145980,dal13007
146414,psh13001
146428,prg13003
146438,fus19001
146603,liz13004
146605,amh13011
146947,ima00001
146949,zea11001
146953,maa13014
146958,rub13001
146959,mib13002
146960,tab13007
146964,hyb13001
146973,lus13001
147081,keb13015
147082,mub13001
147083,phb13001
147084,mec13001
147091,kuc13001
147105,jmc13021
147111,dtc13003
147113,dad13008
147129,joe13003
147350,leg12007
147376,mwh13001
147378,soh13001
147400,thh13002
147401,yoi13001
147409,acj13004
147417,jak13011
147475,jok13003
147490,ewl13002
147492,frl13001
147536,mjb13023
147556,ads13008
147655,rfl13002
147659,cjc13023
147664,lam13012
147665,bem13006
147676,mym13001
147710,grp13003
147715,dmp13006
147721,kmr13001
147764,ajs13030
147772,bhs13003
147864,jis13011
147875,sgs13003
147893,tos13003
147898,ris13005
147906,jag12021
147909,ias13002
147918,mis13011
147919,das13016
147970,suw13001
148030,jew13004
148036,chy13003
148055,kaz13007
148070,pez13004
148073,viz13001
148078,wez13002
148094,grr13002
148125,zhg13002
148258,jac13036
148747,yay12003
148826,dab13012
148827,tbf13001
148828,tjg13007
148841,asd13004
148862,ded13006
148868,clc13010
148872,kef13010
149215,ahh09002
149250,anp13021
149391,ers13011
149735,mig13002
151898,mbs13005
153777,guz13002
154858,jlw13012
156476,jih13012
157040,kaw13022
157099,ahw13001
157101,ypc13001
157103,mic13009
157105,aml13015
157106,nob13004
157110,ano13004
157205,jcl13014
157215,pad06001
157506,kah13030
157713,alm22078
157727,cle13002
158058,lep12001
158277,brb02007
158378,aor10001
159730,rbr14001
159777,clf14001
160661,ril12006
161205,crc10010
161242,kfr14001
161810,els09010
161992,scp05002
163922,kes13013
163925,dob13002
163949,kig14001
163950,mfd14002
164233,emr14009
164349,gea13003
164431,jjp14008
164646,rem14005
164839,ljc13007
164866,mab14024
164868,hab13007
164943,anc14020
164970,naf14006
165023,jaj14007
165028,anj14001
165029,dmk14006
165032,tml14004
165033,anm14013
165034,yal14015
165035,jan14002
165039,evp14001
165042,sel14007
165045,sas14036
165175,cht14005
165183,jjh14007
165195,akl14003
165224,yiz14026
165313,lbp14001
165317,yuz14026
165320,gug14001
165321,zhl14014
165393,cab14014
165410,soi14001
165411,ron14002
165483,dix14002
165485,cea14002
165595,smf13001
165896,jvm14002
165913,zob13002
165920,liq14002
165922,jec14018
166043,els14006
166809,jas14034
166978,nut13001
166983,eiy13001
167077,jes14020
167367,hfp14002
167669,met00004
168058,mjd14010
169110,mnb18001
170503,fcj02001
170691,chm14016
170702,kal14008
170708,taa14006
170727,rmp14002
170739,mbs14003
170966,mid14018
170968,rob14005
171818,mic15011
171827,vlt14001
172609,pgb15001
172725,mas10022
172727,jms14048
173227,xiz14026
174959,eam13020
175780,hee15001
178502,olm15002
178509,lep15103
178621,bif14003
178892,dic15102
179056,yak15101
179179,krd15110
179199,mpb15003
179206,emb15102
179248,sec15101
179322,cme15002
179324,kam15111
179335,stu15101
179336,ils15101
179337,jer15012
179339,der15103
179343,shn15004
180077,ran15103
180341,vac14002
180351,anr15107
180353,err15101
180374,rjl02001
180540,fay15101
180620,pct15101
180632,led15101
181594,loc15001
181601,jpi07002
181605,mar15120
182446,knr09005
182482,jda15104
183657,nwg15102
185131,rof15102
185150,bal15101
185326,get15101
185330,tdn15101
185456,jce14002
185656,jec16120
185684,jmm15152
185686,vis16103
185723,dam15120
187930,sas15145
189033,adc09002
189659,kml16110
189661,bjb16104
189852,rjw16104
190023,jsk16104
190521,smh15104
190522,gwu16101
190527,kec16121
192373,rec16105
194224,lpr16101
194767,tiz16112
195076,jcg16107
195092,kmb16104
195652,men16104
195744,rov16103
195770,deg16104
195821,mas16129
196043,ang16109
196047,gul16109
196048,thm16102
196054,jas16115
196057,jot16106
196058,asa16103
196059,cab16109
196060,teb16103
196113,smd16102
196115,mef16105
196116,bef16103
196218,vid09002
196220,evl16102
196222,erl16107
196224,tom16103
196226,nam16111
196227,krm16115
196232,nmr15102
196235,ams16118
196272,xiw16137
196276,mas16137
196299,mds16106
196303,dge16101
196311,juh16107
196318,chk16107
196319,mal16123
196328,jep16119
196330,jip16107
196331,hab16106
196337,liw16108
196366,nij15006
196561,ylm16101
196567,vkp16102
196569,abd16105
196571,cag16109
196577,cal16115
196599,jiw00003
196640,pir16101
196767,lab18004
196803,vaa13001
196879,jor16110
196985,pgv16101
197500,dfc16102
198008,tnk16103
201167,avh16102
201656,jun16105
202816,mah16145
202826,dcf17001
203122,alb16177
203309,aoh16102
228607,suv17001
249175,rlb00003
249268,sup04002
279793,sjg02006
280095,bjr02002
280668,kam02026
287526,ymb02001
287607,rdp02002
298280,job02009
298718,thm02003
301303,lsp02001
302325,mlb02009
306143,cls13009
311716,lel17006
316092,red02008
322144,cat17013
322587,mhb02002
324973,dam17012
324975,luj17001
332107,moa17009
333721,jfr02004
333758,keh17004
337246,lar03007
338348,ghk17001
338480,apd16105
338528,moa13001
338585,mem97006
338592,smt17007
338668,lik17005
338805,emr17011
340013,amh17018
340307,amf17010
340317,biz17006
340515,clt17007
340614,dlg17005
340943,dam17011
341024,des17014
341095,des17017
341151,ejp17004
341222,fem17004
341223,gem17005
341243,haw17013
341304,hdb17001
341479,jmf07016
342590,leo17002
342650,lyt17001
342687,mpm17006
342714,mhl17001
342756,mkd17003
342771,mib17007
342846,msk17004
342881,mow17002
342970,njo17001
342997,neb17002
343517,rab17014
343681,rnl17004
343954,kpw17002
344279,lix17011
344387,sak17019
344546,sel17005
344578,shp17012
344606,sbw17002
344680,sag17022
344955,shs17016
344972,wok17003
345044,yug17014
345278,tic17007
345480,amp08015
346454,ncm06001
346530,ncb02003
348896,sas17043
350431,pac02013
351475,vem02003
351855,jem02018
352294,mwj02001
352311,sls02012
353145,lal17010
354615,heb15105
354868,sls17006
354998,rtb17003
357649,urt02001
359460,beb09004
366021,jcc17008
367671,lcs13005
368964,jog02006
369225,fig02001
369299,mew02007
369862,neo02001
370915,dgc05002
377628,res17006
377846,lib17004
387971,tmh17006
389683,scr02002
389873,orh02001
389874,fvc02001
389878,jmo02002
389881,bah02003
390730,tal17007
393556,dec17009
393993,hle17003
393997,raf17009
394000,jaj17020
394776,cmm17014
397877,jas06023
397927,rnl02002
397935,jfc02007
399536,syw18001
400931,kic14002
410052,wap95001
410299,mas06007
412112,kmm02021
413003,vbd02002
414113,mad02017
415072,sjw04004
420203,trs00005
421076,all18006
421280,grs18006
421597,eel17001
423032,krb18002
423793,rmt02003
423860,jek02011
424199,erd02003
424206,pes04003
424462,dkd02003
424468,nim02005
424509,cfv18002
424602,rbm02001
425400,meb03006
426013,lew18004
426226,shg18013
426356,dab18005
426704,dem18009
426931,ldf18001
428565,cwr18002
428673,wpd17002
429234,ala18015
429254,alw18013
429266,aep17003
429275,ajc18018
429278,ant18016
429286,ant18017
429304,bdo18001
429402,drf18002
429642,deb18006
429686,dca18002
429687,res18010
429774,gdp18001
430025,rac18011
430108,yuc18022
430155,yuz18058
430216,wec18006
430480,voo18001
430522,tfk18001
430620,suh18004
430635,stb18010
430665,sss18010
430777,sop18006
430807,shm18022
430848,sas18020
430882,rmp18005
431002,rof18003
431120,qiy18011
431671,mad18021
431699,nrk18003
432049,bok23002
433464,kjo18001
434832,hgk18002
434842,kit18004
434853,kac18026
434881,jjr18003
434896,jil18104
436653,cam18021
436797,hkn18001
438434,emv07002
438504,els02011
439068,dos02004
439110,cph02002
439112,kas02016
439144,dcl02005
439191,bmc95004
439892,ela18006
442215,rhf02001
442245,cmm10018
444013,maf18020
444949,szh02001
451761,jim02006
451769,tfs02002
451774,chg02012
451877,edn04001
452119,pkw02001
452592,jao02004
452627,rac02008
452640,mah02010
454351,osk18001
454359,zhz18039
454382,mga17009
454384,ste18003
454757,daw18020
454938,dac14010
456833,enl02002
456943,jeb19004
458207,hox19002
459711,juk19004
460035,shq19004
460844,sns16127
462061,nra02001
463478,mjf03002
463602,jnh19003
464574,rrb02007
464654,tjm02010
464660,nas02009
464688,etl02001
464961,mog02002
465145,spl02003
466533,mim19018
469187,alp19020
469488,ksr19003
469515,ejb03002
469817,rat19006
470002,frc19004
470003,osb19002
470173,crs19006
470327,aha19002
470347,bhc19003
470349,cad15002
470359,daa19013
470367,dod19002
470392,elk19006
471465,sjh19002
471557,yiq19013
471863,haa19011
471879,jop19006
472186,chl19053
472193,kka08001
472200,kbm19002
472208,krw19006
472269,ltb19004
472276,mib19008
472289,nal19013
472293,nix19002
472312,osg19002
472353,rax19004
472844,sjc19012
472908,amm19027
472909,avd19002
472910,brl19011
472915,chc19036
472916,chy19019
472946,suh19005
472952,tar19012
472957,tlv19002
472966,xic19022
472973,yuk19010
473059,plp22002
473164,hbb19001
473356,hej19004
473380,yaz19025
474339,ram02017
474420,ysc02002
474424,gme02002
474434,mro02003
474440,dlw02006
474617,afa02001
474624,slo02004
474680,jds02010
474725,tda00001
474866,gbm02002
474923,job02010
474925,baj02005
474998,jrp02006
475480,mal02018
475741,rhb02005
475744,mmc02006
475751,jpg02006
475754,crh02006
475759,mik02007
475767,kus02002
475795,rjh02005
475927,lad04003
475983,frb02003
478033,syl19004
479224,cjr02004
479483,crd09006
479487,web19003
479780,stb19004
482292,syk19002
484498,sel19011
487292,arc19027
487310,daf19012
487315,nas19023
487319,sgk19004
487791,snf19006
488626,hab20002
489661,pan15107
492962,dcs22006
495910,srk22002
498204,jil20054
498548,yaq20002
498910,mar20012
499384,yob20002
499455,djp19013
499652,fai20002
499873,idk20001
499964,kmg20003
500976,vam20002
502333,yoz20006
502359,gug20003
504162,amf20009
504185,aub20002
504186,bol20006
504240,cec20006
504951,efd20001
504985,sas20008
505910,chk20007
505915,cmf20004
505920,crc20004
505960,toy11001
506744,xid20009
506784,dmv20001
506836,dos20004
506839,ejc20002
506857,ecd20002
506911,ems20006
508798,ggy20001
508822,gsy20001
508839,gha20001
508864,hnc20001
509215,jmc20008
510104,jok20001
510111,jac20010
510120,jiy20031
510125,jok20004
510128,jds20006
510131,jpg20002
510139,kca20001
510144,kan20007
510150,kjc19010
510188,kec20013
510197,krb20002
510198,kpb20001
510231,lrg20002
510240,mev20003
510242,meg20004
510273,mme20001
510275,rel20005
510276,ril20001
510278,ruz19016
510279,rsc20005
510280,rdt20001
510281,seg20004
510347,sag20009
510351,syc20002
510808,gii20001
510838,kal20018
510917,naz20002
510919,rcc20003
510943,tal20008
510958,tes20001
510966,tgp20001
510969,vmc20001
510970,wez20020
510974,xuw20004
510975,yad20003
510977,zts20002
511508,yiz20052
511514,mwg20002
512274,cgb20002
512817,alr20014
512834,sus20008
514503,nsb20003
515893,kay20008
515894,mak20019
515895,nrs20003
515896,tes20004
515900,slh20002
515922,etr20003
516156,jlf20013
517318,mic21008
517503,jee20003
517504,nkk21002
518679,tlp21001
518680,cmz21001
519411,jbk21002
519517,juz21007
519786,tal21003
521505,bsj21001
521520,zow21001
521531,mfg21001
521754,aaa21018
521948,afm21001
522071,ags20006
522148,akv21003
522152,bub21001
522158,njh21001
522231,ssh03001
522233,cey21002
522240,chc21013
522244,crf21003
522246,cob21003
522267,chr21007
522285,emc21010
522289,eah21003
522291,efo21001
522293,erw21006
522301,hcm21003
522306,jef21006
522307,jys21001
522427,ncg21002
522477,tac21006
522493,jcs21008
522494,jjs21006
522496,kgs21004
522497,kla21002
522498,kyk21002
522499,nek21002
522563,lal21010
522566,mng21002
522569,mig21006
522576,npa20002
523237,mic21014
523374,acg10006
523429,sag21004
523498,sdh21001
523499,sta21002
523500,sus21002
523513,shc21012
523529,sye21001
523534,tma21002
523618,tdf21001
524003,bnc02001
524091,akb02005
524096,rhc02001
524119,mfy02001
524121,saz02001
524203,aeg02006
524220,jev02002
524260,jea02004
524331,fil06001
524339,ril02005
524417,rah02008
524430,fas02003
524566,xiz21024
524596,ajf21009
526239,arr21006
526967,mmr21005
527449,pmn12001
527450,sms21011
527452,tar21005
528659,mof21001
529072,hgd02001
529343,jtn21001
529430,kap02011
529599,wfm02001
529766,faa02002
529769,tbb02001
529770,nac02014
529773,pac02012
529776,fdd02001
529777,gwf02002
529813,xiy02003
529918,zeb02002
530586,jcc00003
530595,med00007
530878,bai21001
533657,jra02004
533714,cth07001
536249,lab02015
536256,pjk21002
537911,pel21010
538011,atk21004
538506,zhx15101
538526,zbg21002
538995,dva21001
539780,edt04001
539829,ruc21008
539842,smj02002
539961,ccm21008
540012,huj21002
540066,aam21007
540068,bkt21001
540069,gep21004
540238,vin21001
540359,shz21016
541608,des02010
541886,jak21024
542399,jwm02004
542415,anb02005
542437,tsg21005
543555,lal04008
543660,thv05001
545566,mac23034
546767,cyd22001
548214,ame21015
548777,gvd02001
548965,mac06012
548967,jdb14004
549161,miv02001
549182,kml09011
549286,djb02011
549401,jem02027
549473,krs94001
549555,dmj02001
549655,aro02001
549669,kmk02010
551291,jid22006
551565,lht22001
551770,sed23011
552692,fal21005
553372,aba21029
553679,sae22006
553769,pmc02006
553960,vam22007
553965,yuh22011
554915,dlp02009
555579,kas22017
556115,rag22006
557573,adh22007
557589,rar22001
557991,rjd21004
558003,chh21016
558537,elc02005
558542,stm02007
558544,jgr02003
558576,jnd02001
558777,drb22002
558801,mag02024
558802,ssg02002
559032,gng02002
559075,nih02003
559160,coe16101
559227,aad22005
559229,jni02001
559237,aza22003
559329,wer22004
560523,bin22001
560524,bot22002
560525,bth22005
560526,crc22006
560527,cvr22001
560528,cgc22001
560529,dap22010
560530,djb21021
560532,dmg22006
560534,erf22002
560535,fhk22001
560537,hrs22002
560538,jcs22004
560539,jas22017
560541,jsk22004
560544,jiy21025
560546,jgm01002
560547,kjs09001
560548,kep22006
560549,lfd22001
560551,lif21009
560676,djc02009
561099,mar22016
561100,map22013
561102,mba22003
561103,mag22018
561104,mir22005
561105,mis22016
561106,mgs22007
561107,miw22007
561108,nas22014
561109,nmt22003
561110,pkv22002
561111,pav22003
561113,ros22006
561114,slc22005
561115,saf22009
561117,tza22001
561149,nis21004
561171,naf22005
561184,saq22003
561185,mea22005
561187,tkp22001
561270,vpb22002
561271,wmd22001
561332,dmh22002
561364,anc20021
561372,ejs22009
561385,jol22009
562982,vil22002
562993,tjd22002
563158,sff22001
563200,hof22003
564912,can10004
565046,bag03001
565861,ddw01001
567341,ahd22003
568014,deh22007
568015,elm22017
568016,kie22003
568017,mmc22007
568031,anb22027
568040,chz22016
568186,rcs22002
568756,akw22003
568797,frb22004
568833,msb22008
569032,elg22011
569940,mid22007
569942,lcs22002
570841,anb22023
570842,ctk22002
570881,dng22002
571237,evm22004
571239,gez22003
571240,hcr22002
571245,mag22025
571256,cah22008
571361,roo22007
571372,jkd22004
571373,jms22027
571374,miq22004
571375,wac22007
571389,ans22055
571812,vjc22001
573538,end22005
574824,rlm23001
576158,msp23006
576374,mks23004
576726,xdz23001
576818,add23002
576955,zem23002
577439,jaw23006
577959,sjv23001
578078,cef23001
578342,mac23035
578413,arm23015
578414,anh23008
578415,aja23006
578417,bam23002
578418,bdl08001
578420,baj23003
578421,bws23001
578422,can23001
578423,cef23003
578473,daw22024
578475,orp23003
578591,las23005
578634,mmb23002
578800,ecb09005
578882,csa23001
578883,chh22024
578884,chb23009
578893,elw23005
578932,chl23026
578936,dmb22018
579011,dco23003
579012,dso23001
579013,ebc23001
579014,enr23003
579015,fax22004
579016,feo23003
579017,hkc23002
579018,jsb22018
579019,jlm23006
579020,lix22008
579021,kfv22001
579022,kkg23002
579023,krk23004
579024,lmr23006
579025,liz23009
579026,mld23003
579027,mah23021
579028,mgg23003
579029,mab22023
579030,mls23007
579031,mrm22009
579032,nai23003
579033,nex23001
579034,olg23001
579084,pas23008
579085,rac23009
579087,rdk23002
579089,rfi08001
579092,sao22003
579093,sar23002
579094,ssr23006
579095,seg23003
579099,sht23007
579101,sic23006
579102,src23005
579120,rpc23004
579122,msk23004
579124,saw23008
579133,tal23004
579135,tiy23003
579142,vrd23003
579145,wec22008
579147,wat23003
579158,yom23003
579160,ymp23001
579162,yuw23015
579164,zem23001
579167,hrk22007
579270,cts23003
579305,umo23001
579306,zhq23006
579307,asa23007
579430,zkc23002
579432,asj23002
579437,jbf08004
579525,meu23001
579614,mnb11006
579692,elj23001
580583,nab23019
580587,bnc23002
581687,caj99001
581955,kag23013
582828,mod02004
582980,tas02007
582992,sum02004
582993,ejm02005
582998,cmt02004
583002,lcl02002
583008,arh02008
583020,yat02004
583022,jjl02010
583257,slr02012
583258,jas02026
583384,msb02010
583387,cwm02004
583501,piv02001
583529,fop02001
583582,mab02022
583667,til23004
583873,rjm02013
583937,wbs02002
583952,bew02005
583966,dos15102
584389,wrm95001
584497,cag02018
584499,ets02002
584502,stt02001
584506,piz02001
584516,fmf95001
585961,kas23022
587122,stw23008
587166,alk23023
587689,chh02005
596692,jms23010
600128,jal02010
602525,kac02022
602623,kep95001
602816,nvs95001
607735,cgr02002
607885,nkd02001
607979,geb02003
608058,mww02002
608188,cht94001
614165,mas03004
615024,mmb02006
615084,tew02003
615196,jdb00010
615340,rtj02001
615398,xct02001
615472,sah02015
615474,cms02020
618084,mat96002
618194,anc02008
618966,rew00002
620628,jme96002
624017,sae06001
626537,tls02004
627455,djg02003
627492,chd02005
627494,clb02010
627496,pab02016
627529,dir02002
627532,rjt02003
627534,jsw02004
627584,sth14009
627606,olm02002
627629,jew02006
627630,joo02002
627675,fep02001
627699,few02001
627808,flm97001
627853,rab98001
627890,yac97001
629171,pjb02007
629212,imo02001
629274,mar02013
629275,bos02003
629381,cpk02003
629454,jms00007
634213,rob04003
634298,kmf23003
636698,seh00004
636737,fjw02003
636739,srj02004
636740,len02002
636871,nas02008
636879,cse02003
636897,dmp02009
636926,pab02013
636927,kmc02015
636928,dad02007
636930,weh02002
636933,kak02014
636934,akn02002
636942,sub02003
637177,dbs13004
639152,jkh09003
639180,lae00005
639691,tdk14001
639752,yil02002
639758,rhs02002
639759,ans02015
639797,tdb02003
639798,chb02010
639800,frc02004
639805,jul02004
639808,las02013
639809,wht02001
639811,brw02004
639812,rag02005
639947,dem98003
639954,syd02001
639991,dmm02006
639998,cmw02007
640013,thm02004
640062,jhv02004
642472,stw02005
642577,bja02003
642665,jaf02017
642723,wdh02001
642724,lol02005
642725,pol02003
642766,krw02003
643228,clm00003
643397,raf04007
645641,ecl98002
645684,jme00002
647938,amr99004
650480,jjc02010
650525,anl02002
650609,ljb99001
650777,cac00026
650855,ana02006
650856,hsl02001
650874,dmq02001
650875,beg02003
650882,btj02002
650884,dok02002
650887,wkc02001
650888,beg02004
650891,alg02015
650892,elj02003
650897,rjo02003
650905,mjo02006
650907,crp02002
650912,fsr02001
650913,alr02014
650920,klm02014
654372,tmc99002
654389,sli96001
654506,mjl99001
654596,mlp00003
654752,kmb00005
654762,paa00001
654771,pdk00001
655036,ssk00003
655117,sjh00008
655212,bsr00002
656017,jmv00001
656032,gas02001
656074,maa02015
656101,sel02006
656197,jrc02009
656383,hlr02003
820989,ljp00004
859600,lms13007
859943,reb22012
860292,krt02002
861039,nif12002
861049,vah02004
861130,erm12009
861640,mwp02002
862047,sue02002
862421,kpo23001
868632,eac02003
868646,jmc02027
868806,hat02004
868944,mad02005
868961,bfv02001
870719,vpp02001
870721,sew02009
870725,nam02012
870726,rjs02010
870766,mmc02008
870786,kkd02002
870789,mem02020
870794,ssg02003
870796,mag02029
870801,vao02001
870802,sar02010
870803,thr02001
870809,jlm02013
870815,drs02009
870816,ras02026
870817,alt02014
870824,srs02016
870826,jad02023
870827,jwl02007
870830,vba02002
870835,joc02012
870838,shw02004
870842,joc02013
870843,djg02005
870846,ldm02003
870864,fac02003
870871,kyj02001
870940,err03003
870971,alm03008
870979,cdc03005
870980,hmr03003
870993,iim03001
871005,raw03003
871006,jep03008
871019,thw03001
871029,may03004
873128,kab01009
873295,epv02001
873297,erj02003
873348,alk04005
873389,sck02003
873405,guw02001
873435,jit02001
873439,djg00009
873592,acb02004
873629,jas02040
873655,cic97001
873690,okb02001
873736,tfd02002
875828,cal17005
875982,ktb06001
876527,hlh01002
877443,bpd01001
877486,jlt01001
879076,yub02002
879197,cmc03002
925319,cua03001
926258,ppp03001
926269,sff03001
926482,plb03001
927339,rcc02007
927703,plp03001
927817,lms03002
928294,shz03002
928339,sdk03002
928344,hmd03003
928372,khn03001
928373,fas00006
928742,bgc04002
930193,mis19021
962936,bmr98002
963076,met99001
963149,cgm00001
963371,smm02011
963687,elp99001
966421,ljg99001
967413,jom04005
968750,lld02002
968804,pll02002
968818,pab02010
968959,huz02001
968961,jog02003
969084,smc02013
969088,hdv02001
969093,krn02002
969116,emm02009
969117,moe02001
972413,mab05028
973426,sjb02014
973465,ehw02002
973582,asv02001
973688,jkt02001
973691,jlp02010
973696,ems02007
973708,gms02007
973710,ala02010
973724,akf02001
973739,brb02005
973741,mic02006
973745,gak02006
973746,vlk02002
973752,man02007
973753,vlp02001
973758,nan02005
973761,wis02002
973762,mic02004
973763,jen02004
973779,rof02005
973781,vjm02004
973787,rsw02002
973788,pcb02005
973794,ked02010
973801,mgz02001
973858,kic02004
973879,jeb02015
976987,mcs99001
978614,scr02003
978629,beb01002
980689,jmk01002
980947,jdl01005
980971,rde99001
001859,dea03002
002546,sic03001
002623,jek04001
002845,tcb04001
002912,zjg02002
002966,nil03002
004177,chl04007
007962,nwg02001
009157,jav04004
009173,mpl04001
009177,shh04003
009180,jrd04003
009302,cal04006
010036,edu04001
010043,daa04003
010044,mjf04004
010053,kip04003
010066,jos04011
010092,brh04001
010168,krl04002
010863,cac06008
011104,scc04002
011307,kec03010
011613,maw04013
011763,rmf04003
011878,dad04002
011953,lew04003
012454,eba04001
012578,sps04004
012738,rlt04005
012747,mab04011
012752,rod04003
012756,amd04006
012791,hti04001
012826,cal04008
012913,zhs04001
012943,jsm04005
013074,mep04005
013076,vlr04001
013346,xuy04002
013364,lrw04001
013411,ras04008
013417,stm04003
013422,ine04001
013424,olv04001
013500,wmr04001
013533,shl04005
013639,dfk03001
013846,keb04006
015633,gur04001
016665,maa04003
017179,fcm04001
021087,jet04003
021241,cen04004
021540,omh04001
021601,ajf05002
021608,rim04005
021713,jam02031
021802,ers05001
022245,oss11001
022353,epw02001
023040,moc02001
024901,kef05001
024944,mam04020
025411,jah05005
026066,brk05001
026859,tod05002
027031,pcd05002
027131,dsa05001
027295,rsg05004
027296,yak05001
027298,thl05001
027485,zhc05001
027711,rah03003
027930,msl01003
027933,cpm01001
027951,jho05001
028044,sms05006
028137,rom05001
028138,thr05001
028140,miw05002
028484,pab05001
028487,waf05001
028490,als05010
028494,lss05001
028502,biw05001
028592,thc05002
028598,xil05001
028610,ase05001
028783,anb05008
028802,brs05005
028806,jjz05001
028807,sew05007
028808,kat05002
028823,jog05007
028837,def05003
028843,dpw05002
028846,fiv05001
028848,jop05007
028851,cul05001
028905,nrg02003
029297,phg07001
029308,mrw05007
029438,clc05005
029692,ugp05001
030172,mjp05003
031096,kyl05002
031129,gun05001
031132,gap05001
033083,jjr99001
034098,jse04001
034676,ans05013
035007,adz05002
035117,jem05005
035121,dew05003
035155,mes05011
035162,elh05002
035169,ric05005
035586,ins05002
035633,jam06001
036856,joj17005
038201,dad04014
039614,crw06002
040306,krh22003
041822,jab03002
041943,gjr06003
041956,gbi06001
041985,abb06004
042212,rpm06001
042267,scs06002
042403,nst06001
042957,chw06003
043279,alg06010
043286,ssp06004
043288,rjh06004
043291,mam06020
043303,rak06002
043306,hes06006
043311,bal06007
043317,sup06002
043447,qic06001
043679,jog06010
043682,yul06004
045288,rls06005
050993,pug06001
052409,boc07001
052798,vak07001
053080,mac07005
054611,jcm06002
054869,meh01010
055054,hjg07001
055580,jtb07007
057197,spn07002
058065,hes07007
058103,lmc07015
058656,amm07018
058658,caa07006
058663,coc07002
058667,ald07010
058672,sbd06004
058676,kla07005
058787,ell07002
058801,yuw07001
058803,grr07002
058806,lms07017
058810,vas07004
058811,nil07004
058813,mas07010
058817,crv06002
058818,dkm07001
058909,seg07008
059043,lur07001
059057,mbf07001
059225,haw07001
059322,dil07004
059362,yaz07001
059522,mav07006
059529,xiy07003
059538,tif07001
059540,lab07016
059682,mac07035
059683,jee07004
060277,juy07002
060301,dml07008
064188,nil13004
065133,dww05002
066630,pal08004
067352,xic08001
067739,cbm07004
069705,rrl04002
070404,cmp05008
070798,mej08005
071458,slb08008
071552,jcb08002
071774,rsh19001
071971,klf02001
073073,rat08006
073282,aeg07006
073797,spn08001
073882,jmr08017
074091,ria08001
074352,ekl08007
074354,mas08045
074467,acm08012
074468,all08012
074469,chc08012
074473,kak08018
074484,and08006
074486,dmh08004
074487,elc08005
074488,mcu08001
074491,pwb08001
074493,jet08007
074497,ngo08002
074502,chz08006
074504,shs08015
074511,mim08007
074512,nna08001
074514,lab08021
074582,yal08006
074635,mar08022
074661,okc08001
074663,loh08001
074691,wew08001
075067,kfw02001
075487,til08003
075496,tas08006
075525,jrm08010
075537,lab08018
075546,anc08016
075602,ant08013
076192,phv08002
076438,ada08003
076602,idb08001
076654,ras08021
076770,amg10018
080038,maw00009
080343,pes08006
080901,sts07009
081768,bam08010
081780,jca08009
081789,gel08005
081831,mmm08012
081850,prs08007
081852,bgw08001
081862,jci09001
082065,wlb96002
082095,kyh09001
082475,lej05001
082999,mig22008
083248,amm09010
083810,cja04002
084568,jed09014
086794,chs09004
086929,aga09003
087002,scn09001
087004,crv09002
087015,asn11001
087130,cnb09006
087188,mjl09005
087294,faa09001
087345,sjr01004
087573,crt09001
087746,mac98003
088140,syp09004
088391,mbw09002
088815,beo09002
090769,sed18010
091597,dfd09003
092292,tmv09002
092394,geb09004
092507,lmh09010
092834,ebm09004
093185,mac09047
093496,abu09001
093809,jvv07001
093851,kam04010
093896,jbb12001
094058,deb10002
095101,div10001
095726,apc10004
098180,yim10002
098453,kmz05003
098708,yop10001
098758,jil10003
099035,jlg10010
099202,rnk10001
099747,kep10008
099805,smz10001
